simple_name,where_its_from
Am I My Brother's Keeper?,Genesis
Blood Cries from the Ground,Genesis
Breath into Dust,Genesis
Confusion of Tongues,Genesis
Covenant of the Rainbow,Genesis
Exile from Eden,Genesis
Fountains of the Great Deep,Genesis
Fruit of the Forbidden Tree,Genesis
Image of God,Genesis
Let There Be Light,Genesis
Mark of the Wanderer,Genesis
Naming of the Creatures,Genesis
Nations from One House,Genesis
Noah Builds the Ark,Genesis
Noah Found Grace,Genesis
Rib of Adam,Genesis
Scattering from the Tower,Genesis
Table of Nations,Genesis
The Ark Comes to Rest,Genesis
The Ark Endures,Genesis
The Fall,Genesis
The Fall in the Garden,Genesis
The Flood,Genesis
The Nakedness of Noah,Genesis
The Seven Days of Wonder,Genesis
Tower of Babel,Genesis
Waters Recede,Genesis
Windows of Heaven Opened,Genesis
Abel,Genesis
Adam,Genesis
Cain,Genesis
Eve,Genesis
Noah,Genesis
Ararat,Genesis
Babel,Genesis
City of Enoch,Genesis
East of Eden,Genesis
Eden,Genesis
Euphrates,Genesis
Firmament,Genesis
Gihon,Genesis
Nod,Genesis
Pishon,Genesis
Shinar,Genesis
The Deep,Genesis
The Garden,Genesis
Tigris,Genesis
Canaan,Genesis
Enoch,Genesis
Ham,Genesis
Jabal,Genesis
Japheth,Genesis
Jubal,Genesis
Lamech,Genesis
Methuselah,Genesis
Naamah,Genesis
Nimrod,Genesis
Noah,Genesis
Peleg,Genesis
Seth,Genesis
Shem,Genesis
The Serpent,Genesis
Tubal-cain,Genesis
Ark-Bound Remnant,Genesis
Builder of the First City,Genesis
Builder of the Tower,Genesis
Hunter of the Open Plain,Genesis
Keeper of the Dove,Genesis
Keeper of the First Flock,Genesis
Maker of Kiln-Fired Brick,Genesis
Preacher of Righteousness,Genesis
Sender of the Raven,Genesis
The Raven Sent Forth,Genesis
Tiller of the Cursed Ground,Genesis
Vinedresser after the Flood,Genesis
Wanderer beneath the Mark,Genesis
Watcher at Eden's Gate,Genesis
Altar After the Flood,Genesis
Ark of Gopher Wood,Genesis
Bow in the Clouds,Genesis
Bricks of Human Pride,Genesis
Cup of the Vineyard,Genesis
Dove with the Olive Branch,Genesis
Fig Leaves Sewn Together,Genesis
Flaming Sword of the East,Genesis
Garments of Skin,Genesis
Mark of Cain,Genesis
Mortar of Shinar,Genesis
Noah's Vineyard,Genesis
Offering Stone,Genesis
Olive Leaf of Peace,Genesis
Tree of Forbidden Knowledge,Genesis
Tree of Life,Genesis
Blessing of the Twelve,Genesis
Bride Sought from Afar,Genesis
Child of the Long-Awaited Womb,Genesis
Covenant of Promise,Genesis
Descent into Egypt,Genesis
Dreams of Sun and Sheaves,Genesis
Israel,Genesis
Jacob's Ladder,Genesis
Laughter of Promise,Genesis
Rise from the Dungeon,Genesis
Silver in the Sack,Genesis
Sold for Silver,Genesis
Sold into Bondage,Genesis
Stars Without Number,Genesis
The Binding on Moriah,Genesis
The Call Beyond Haran,Genesis
The Coat of Many Colors,Genesis
The Stolen Blessing,Genesis
Weeping Before Brothers,Genesis
Wrestling with God,Genesis
Years of Famine,Genesis
Abraham,Genesis
Abram,Genesis
Esau,Genesis
Isaac,Genesis
Jacob,Genesis
Joseph,Genesis
Leah,Genesis
Rachel,Genesis
Rebekah,Genesis
Sarah,Genesis
Beersheba,Genesis
Bethel,Genesis
Canaan,Genesis
Dothan,Genesis
Egypt,Genesis
Gerar,Genesis
Gomorrah,Genesis
Goshen,Genesis
Haran,Genesis
Hebron,Genesis
Machpelah,Genesis
Mamre,Genesis
Moriah,Genesis
Paddan-aram,Genesis
Peniel,Genesis
Shechem,Genesis
Sodom,Genesis
Ur,Genesis
Abimelech,Genesis
Asenath,Genesis
Benjamin,Genesis
Eliezer of Damascus,Genesis
Hagar,Genesis
Ishmael,Genesis
Judah,Genesis
Laban,Genesis
Lot,Genesis
Melchizedek,Genesis
Pharaoh,Genesis
Potiphar,Genesis
Potiphar's Wife,Genesis
Courtier of Egypt,Genesis
Dweller of Tents,Genesis
Interpreter of Dreams,Genesis
Keeper of the Prison Gate,Genesis
Keeper of Wells,Genesis
Mourner of the Household,Genesis
Pharaoh's Baker,Genesis
Pharaoh's Cupbearer,Genesis
Seeker of the Blessing,Genesis
Shepherd of the Flocks,Genesis
Steward of the Household,Genesis
Survivor of the Lean Years,Genesis
Trader of the Caravan Road,Genesis
Witness of the Covenant,Genesis
Altar of Covenant Flame,Genesis
Cave of Machpelah,Genesis
Feast of the Firstborn,Genesis
Garment of Many Colors,Genesis
Idols of the Hidden Tent,Genesis
Joseph's Silver Cup,Genesis
Shepherd's Staff,Genesis
Signet of Authority,Genesis
Stones of Remembrance,Genesis
Storehouse of Plenty,Genesis
Token of Inheritance,Genesis
Veil of the Bride,Genesis
Well of Promise,Genesis
Wood of the Offering,Genesis
A Child Is Born in Bethlehem,Gospels
Appearance in the Upper Room,Gospels
Baptized in the Jordan,Gospels
Breakfast by the Sea,Gospels
Calming the Storm,Gospels
Cleansing of the Temple,Gospels
Darkness over the Land,Gospels
Daughter,Gospels
Denial Before the Rooster's Cry,Gospels
Do Not Cling to Me,Gospels
Entering Jerusalem in Peace,Gospels
Feed the Multitude,Gospels
Flight into Egypt,Gospels
Forty Days in the Wilderness,Gospels
Gethsemane's Bitter Cup,Gospels
Guided by the Star,Gospels
Hail,Gospels
He Is Not Here,Gospels
Healing the Paralytic,Gospels
It Is Finished,Gospels
My Sheep Hear My Voice,Gospels
Palm Branches on the Road,Gospels
Pierced by the Spear,Gospels
Presented in the Temple,Gospels
Raised from the Tomb,Gospels
Reach Here Your Hand,Gospels
Sermon on the Plain,Gospels
Sight for the Man Born Blind,Gospels
Spirit Descending Like a Dove,Gospels
The Betrayer's Kiss,Gospels
The Good Samaritan,Gospels
The Last Supper,Gospels
The Lost Sheep,Gospels
The Mustard Seed,Gospels
The Pharisee and the Tax Collector,Gospels
The Prodigal Returns,Gospels
The Rich Fool's Barns,Gospels
The Road to Emmaus,Gospels
The Sower Went Out to Sow,Gospels
The Transfiguration,Gospels
The Twelve Sent Out,Gospels
Voice from Heaven,Gospels
Walk upon the Waters,Gospels
Water into Wine,Gospels
Your Faith Has Made You Well,Gospels
Anna,Gospels
Gabriel,Gospels
Jesus,Gospels
John the Baptist,Gospels
Joseph,Gospels
Lazarus,Gospels
Martha,Gospels
Mary,Gospels
Mary Magdalene,Gospels
Peter,Gospels
Simeon,Gospels
Bethany,Gospels
Bethlehem,Gospels
Bethsaida,Gospels
Caesarea Philippi,Gospels
Cana,Gospels
Capernaum,Gospels
Emmaus,Gospels
Galilee,Gospels
Golgotha,Gospels
Jericho,Gospels
Jerusalem,Gospels
Jordan,Gospels
Mount of Olives,Gospels
Mount of Transfiguration,Gospels
Nazareth,Gospels
Pool of Bethesda,Gospels
Sea of Galilee,Gospels
Siloam,Gospels
Temple Courts,Gospels
The Empty Tomb,Gospels
Upper Room,Gospels
Wilderness of Temptation,Gospels
Andrew,Gospels
Blind Bartimaeus,Gospels
Caiaphas,Gospels
Centurion of Capernaum,Gospels
Elizabeth,Gospels
Herod Antipas,Gospels
Jairus,Gospels
James,Gospels
Joanna,Gospels
John,Gospels
Joseph of Arimathea,Gospels
Judas Iscariot,Gospels
Matthew,Gospels
Nicodemus,Gospels
Pilate,Gospels
Simon of Cyrene,Gospels
The Samaritan Woman,Gospels
Thomas,Gospels
Zacchaeus,Gospels
Zechariah,Gospels
Chief Priest's Servant,Gospels
Child Set in the Midst,Gospels
Fisher of Galilee,Gospels
Keeper of the Upper Room,Gospels
Leper Seeking Cleansing,Gospels
Magus from the East,Gospels
Man Born Blind,Gospels
Member of the Twelve,Gospels
Mourner at the Tomb,Gospels
Paralytic Borne by Friends,Gospels
Pharisee of the Synagogue,Gospels
Roman Executioner,Gospels
Sadducee of the Council,Gospels
Shepherd of Bethlehem,Gospels
Tax Collector Repentant,Gospels
Temple Moneychanger,Gospels
Traveler on the Jericho Road,Gospels
Wedding Servant of Cana,Gospels
Widow with Two Mites,Gospels
Woman with the Issue of Blood,Gospels
Alabaster Jar of Anointing,Gospels
Basin and Towel,Gospels
Burial Cloths Left Behind,Gospels
Carpenter's Tools of Nazareth,Gospels
Cross of Condemnation,Gospels
Crown of Thorns,Gospels
Donkey of the King’s Entry,Gospels
Fisherman's Net,Gospels
Loaves and Fishes,Gospels
Manger of the Lowly King,Gospels
Palm Branches of Welcome,Gospels
Shroud of the Crucified,Gospels
Star of Bethlehem,Gospels
Stone Rolled from the Tomb,Gospels
The Soldier's Spear,Gospels
The Veil Torn in Two,Gospels
Thirty Pieces of Silver,Gospels
Wedding Jars of Cana,Gospels
